Overall rank,Gender rank,Bib number,First name,Last name,Gender,Age,State code,Country code,Start Offset,Kamm Traverse In,Kamm Traverse Out,Chapman In,Chapman Out,Telluride In,Telluride Out,Kroger In,Kroger Out,Governor In,Governor Out,Ouray In,Ouray Out,Engineer In,Engineer Out,Grouse In,Grouse Out,Burrows In,Burrows Out,Sherman In,Sherman Out,Pole Creek In,Pole Creek Out,Maggie In,Maggie Out,Cunningham In,Cunningham Out,Finish
1,1,180,Jason,Schlarb,male,38,CO,US,00:00:00,02:17:00,02:18:00,03:42:00,03:44:00,05:39:00,05:41:00,07:17:00,07:19:00,07:44:00,07:45:00,08:45:00,08:49:00,10:54:00,10:56:00,12:10:00,12:16:00,14:45:00,14:46:00,15:22:00,15:29:00,17:52:00,17:58:00,18:56:00,19:04:00,20:40:00,20:44:00,22:58:28
2,2,1,Kilian,Jornet,male,28,,ES,00:00:00,02:17:00,02:19:00,03:43:00,03:44:00,05:39:00,05:40:00,07:10:00,07:13:00,07:39:00,07:39:00,08:35:00,08:38:00,10:44:00,10:47:00,12:06:00,12:13:00,14:45:00,14:47:00,15:22:00,15:29:00,17:52:00,17:58:00,18:56:00,19:04:00,20:40:00,20:44:00,22:58:28
3,3,190,Xavier,Thevenard,male,28,,FR,00:00:00,02:17:00,02:18:00,03:42:00,03:44:00,05:39:00,05:40:00,07:10:00,07:13:00,07:39:00,07:39:00,08:35:00,08:37:00,10:51:00,10:53:00,12:09:00,12:12:00,14:57:00,14:59:00,15:33:00,15:43:00,18:27:00,18:32:00,19:37:00,19:44:00,21:29:00,21:36:00,23:57:10
4,4,114,Jeff,Browning,male,44,OR,US,00:00:00,02:27:00,02:27:00,04:02:00,04:02:00,06:16:00,06:19:00,08:08:00,08:10:00,08:36:00,08:37:00,09:43:00,09:47:00,12:10:00,12:11:00,13:38:00,13:44:00,16:32:00,16:33:00,17:16:00,17:20:00,20:08:00,20:09:00,21:26:00,21:28:00,23:21:00,23:22:00,25:42:03
5,5,152,Ryan,Kaiser,male,37,OR,US,00:00:00,02:38:00,02:39:00,04:18:00,04:21:00,06:35:00,06:39:00,08:23:00,08:28:00,09:01:00,09:01:00,09:56:00,10:05:00,12:42:00,12:46:00,14:11:00,14:23:00,17:23:00,17:27:00,18:09:00,18:18:00,21:06:00,21:15:00,22:37:00,22:43:00,24:39:00,24:46:00,27:39:16
6,6,198,Bryan,Williams,male,41,CO,US,00:00:00,02:38:00,02:40:00,04:28:00,04:29:00,06:52:00,06:54:00,08:53:00,08:54:00,09:31:00,09:33:00,10:40:00,10:45:00,13:14:00,13:15:00,14:39:00,14:43:00,17:46:00,17:48:00,18:30:00,18:32:00,21:49:00,21:51:00,23:15:00,23:18:00,25:22:00,25:26:00,28:41:19
7,7,165,Ted,Mahon,male,43,CO,US,00:00:00,02:43:00,02:45:00,04:32:00,04:34:00,07:06:00,07:12:00,09:03:00,09:05:00,09:40:00,09:42:00,10:59:00,11:02:00,13:39:00,13:41:00,15:24:00,15:31:00,18:42:00,18:44:00,19:32:00,19:36:00,22:46:00,22:49:00,24:08:00,24:08:00,26:09:00,26:11:00,28:52:04
8,1,4,Anna,Frost,female,34,,NZ,00:00:00,02:37:00,02:37:00,04:18:00,04:19:00,06:36:00,06:38:00,08:27:00,08:30:00,09:03:00,09:04:00,10:11:00,10:16:00,13:00:00,13:02:00,14:36:00,14:36:00,18:05:00,18:11:00,19:02:00,19:09:00,22:33:00,22:37:00,24:04:00,24:08:00,26:11:00,26:13:00,29:02:09
9,2,179,Emma,Roca,female,42,,ES,00:00:00,02:44:00,02:46:00,04:31:00,04:32:00,06:57:00,06:59:00,08:58:00,08:59:00,09:31:00,09:31:00,10:41:00,10:45:00,13:31:00,13:35:00,15:08:00,15:13:00,18:45:00,18:47:00,19:43:00,19:45:00,23:07:00,23:13:00,24:45:00,24:46:00,26:49:00,26:50:00,29:36:40
10,8,132,Grant,Guise,male,36,,NZ,00:00:00,02:40:00,02:41:00,04:29:00,04:30:00,06:56:00,07:02:00,09:02:00,09:05:00,09:44:00,09:45:00,10:58:00,11:01:00,13:54:00,13:59:00,15:39:00,15:56:00,19:39:00,19:45:00,20:33:00,20:43:00,23:40:00,23:45:00,25:12:00,25:18:00,27:35:00,27:38:00,30:35:54
11,9,175,Timothy,Olson,male,32,CO,US,00:00:00,02:36:00,02:37:00,04:09:00,04:14:00,06:28:00,06:31:00,08:45:00,08:49:00,09:24:00,09:25:00,11:34:00,12:00:00,14:51:00,15:02:00,16:51:00,17:03:00,21:25:00,21:34:00,22:24:00,22:41:00,25:42:00,25:51:00,27:16:00,27:21:00,29:28:00,29:32:00,31:53:36
12,3,160,Bethany,Lewis,female,38,UT,US,00:00:00,02:42:00,02:45:00,04:35:00,04:37:00,07:08:00,07:11:00,09:12:00,09:16:00,09:53:00,09:56:00,11:11:00,11:18:00,13:59:00,14:02:00,15:43:00,15:53:00,19:17:00,19:23:00,20:14:00,20:45:00,24:04:00,24:12:00,25:35:00,26:14:00,28:32:00,28:36:00,31:56:36
13,10,147,Scott,Jaime,male,46,CO,US,00:00:00,02:39:00,02:42:00,04:29:00,04:30:00,06:54:00,07:02:00,09:07:00,09:14:00,09:52:00,09:56:00,11:19:00,11:33:00,14:53:00,15:05:00,16:53:00,17:12:00,21:06:00,21:13:00,22:14:00,22:32:00,25:40:00,25:50:00,27:13:00,27:21:00,29:13:00,29:20:00,32:13:45
14,11,5,Nick,Coury,male,28,AZ,US,00:00:00,02:57:00,02:58:00,04:55:00,04:57:00,07:25:00,07:30:00,09:38:00,09:41:00,10:13:00,10:14:00,11:34:00,11:44:00,14:51:00,15:06:00,16:47:00,16:47:00,20:37:00,20:44:00,21:48:00,22:02:00,25:33:00,25:38:00,26:58:00,27:12:00,29:35:00,29:48:00,32:45:11
15,12,6,Bryon,Powell,male,38,UT,US,00:00:00,02:37:00,02:37:00,04:28:00,04:28:00,06:58:00,07:02:00,08:54:00,08:55:00,09:29:00,09:29:00,10:40:00,10:46:00,13:28:00,13:28:00,15:03:00,15:03:00,19:21:00,20:47:00,21:40:00,21:46:00,25:31:00,25:59:00,27:14:00,27:15:00,29:39:00,29:43:00,33:01:16
16,13,184,Kevin,Shilling,male,48,UT,US,00:00:00,03:09:00,03:11:00,05:08:00,05:12:00,08:00:00,08:12:00,10:22:00,10:25:00,11:02:00,11:04:00,12:35:00,13:01:00,16:02:00,16:19:00,18:00:00,18:25:00,21:53:00,22:21:00,23:20:00,24:03:00,26:50:00,27:04:00,28:23:00,28:32:00,30:22:00,30:31:00,33:20:20
17,14,182,Matt,Schrier,male,42,UT,US,00:00:00,02:57:00,02:59:00,04:59:00,05:05:00,07:43:00,07:52:00,09:55:00,09:59:00,10:34:00,10:46:00,11:54:00,12:06:00,14:52:00,14:58:00,16:53:00,17:06:00,21:06:00,21:14:00,22:18:00,22:34:00,26:07:00,26:20:00,27:52:00,28:01:00,30:26:00,30:39:00,33:43:12
18,4,7,Darla,Askew,female,43,OR,US,00:00:00,02:57:00,02:59:00,05:05:00,05:08:00,07:43:00,07:48:00,10:03:00,10:05:00,10:53:00,10:53:00,12:09:00,12:15:00,15:28:00,15:34:00,17:34:00,17:45:00,21:48:00,21:53:00,22:58:00,23:07:00,26:48:00,26:55:00,28:23:00,28:27:00,30:48:00,30:53:00,33:51:49
19,15,172,Brian,Murray,male,43,NM,US,00:00:00,03:17:00,03:19:00,05:30:00,05:35:00,08:28:00,08:37:00,10:45:00,10:48:00,11:29:00,11:31:00,13:00:00,13:13:00,16:20:00,16:25:00,18:27:00,18:41:00,22:36:00,22:39:00,23:37:00,23:58:00,27:01:00,27:09:00,28:34:00,28:43:00,30:56:00,31:07:00,34:15:27
20,16,178,Jon,Robinson,male,37,WA,US,00:00:00,02:57:00,03:00:00,05:03:00,05:12:00,07:58:00,08:04:00,10:21:00,10:25:00,11:07:00,11:09:00,12:27:00,12:45:00,15:36:00,15:53:00,18:04:00,18:27:00,22:16:00,22:24:00,23:13:00,23:33:00,26:48:00,26:55:00,28:20:00,28:25:00,30:43:00,30:52:00,34:21:19
21,17,16,David,Pease,male,53,UT,US,00:00:00,03:05:00,03:07:00,05:17:00,05:20:00,08:15:00,08:22:00,10:40:00,10:43:00,11:28:00,11:29:00,12:55:00,13:10:00,16:04:00,16:06:00,18:10:00,18:20:00,22:26:00,22:28:00,23:19:00,23:34:00,26:54:00,26:56:00,28:27:00,28:32:00,30:54:00,31:03:00,34:22:55
22,5,24,Meghan,Hicks,female,37,UT,US,00:00:00,03:08:00,03:11:00,05:21:00,05:23:00,08:17:00,08:22:00,10:35:00,10:36:00,11:18:00,11:20:00,12:49:00,12:58:00,16:05:00,16:10:00,18:14:00,18:24:00,22:24:00,22:26:00,23:23:00,23:41:00,26:59:00,27:03:00,28:33:00,28:38:00,31:00:00,31:05:00,34:25:25
23,18,144,Matt,Horsley,male,38,UT,US,00:00:00,03:00:00,03:03:00,05:05:00,05:10:00,07:54:00,08:00:00,10:31:00,10:36:00,11:22:00,11:26:00,12:57:00,13:39:00,16:59:00,17:07:00,19:06:00,19:28:00,23:32:00,23:36:00,24:29:00,24:49:00,27:57:00,28:01:00,29:41:00,29:46:00,31:54:00,32:03:00,35:21:15
24,19,145,Jay,Hunt,male,36,CO,US,00:00:00,03:07:00,03:10:00,05:31:00,05:36:00,09:05:00,09:58:00,12:14:00,12:19:00,13:06:00,13:09:00,14:36:00,15:01:00,17:53:00,18:02:00,19:50:00,20:10:00,23:56:00,24:03:00,24:44:00,25:04:00,28:01:00,28:17:00,29:45:00,29:53:00,32:05:00,32:18:00,35:33:36
25,20,189,Patrick,Stewart,male,30,CO,US,00:00:00,02:37:00,02:38:00,04:29:00,04:31:00,06:56:00,07:01:00,09:00:00,09:02:00,09:36:00,09:38:00,10:45:00,10:50:00,14:03:00,14:08:00,15:59:00,16:10:00,20:56:00,21:07:00,22:32:00,22:50:00,26:55:00,27:07:00,28:56:00,29:05:00,32:14:00,32:21:00,35:54:24
26,21,17,Drew,Gunn,male,42,CO,US,00:00:00,03:21:00,03:23:00,05:31:00,05:37:00,08:28:00,08:35:00,11:26:00,11:30:00,12:12:00,12:15:00,13:46:00,14:04:00,17:12:00,17:23:00,19:25:00,19:51:00,24:09:00,24:12:00,25:06:00,25:20:00,28:55:00,29:03:00,30:27:00,30:31:00,32:43:00,32:48:00,36:05:29
27,22,118,Bill,Clements,male,37,CA,US,00:00:00,03:09:00,03:11:00,05:23:00,05:29:00,08:16:00,08:25:00,10:51:00,10:56:00,11:45:00,11:46:00,13:05:00,13:16:00,16:32:00,16:40:00,19:30:00,19:55:00,24:03:00,24:07:00,25:00:00,25:08:00,28:20:00,28:23:00,30:03:00,30:12:00,32:51:00,32:58:00,36:16:28
28,23,10,David,Coblentz,male,53,NM,US,00:00:00,03:09:00,03:12:00,05:18:00,05:23:00,08:16:00,08:24:00,10:51:00,10:54:00,11:34:00,11:35:00,12:57:00,13:10:00,16:26:00,16:33:00,18:49:00,19:04:00,23:41:00,23:47:00,24:46:00,24:57:00,28:29:00,28:34:00,30:10:00,30:19:00,32:57:00,33:06:00,36:33:51
29,24,171,Philip,Murphy,male,47,,AU,00:00:00,03:09:00,03:11:00,05:24:00,05:26:00,08:33:00,08:39:00,11:24:00,11:27:00,12:11:00,12:12:00,13:39:00,13:53:00,17:07:00,17:14:00,19:20:00,19:26:00,23:50:00,23:53:00,25:19:00,25:23:00,28:56:00,29:02:00,30:25:00,30:30:00,32:55:00,32:59:00,36:35:50
30,25,119,Josh,Dickson,male,32,TX,US,00:00:00,03:17:00,03:18:00,05:35:00,05:41:00,08:32:00,08:45:00,11:16:00,11:22:00,12:10:00,12:13:00,13:29:00,13:47:00,17:09:00,17:14:00,19:16:00,19:36:00,24:01:00,24:04:00,24:57:00,25:12:00,28:39:00,28:43:00,30:24:00,30:34:00,33:08:00,33:19:00,36:36:42
31,26,162,Jason,Lippman,male,44,TX,US,00:00:00,03:16:00,03:17:00,05:36:00,05:39:00,08:49:00,09:01:00,11:58:00,12:03:00,12:48:00,12:49:00,14:02:00,14:17:00,17:45:00,17:53:00,19:50:00,19:58:00,24:33:00,24:41:00,25:42:00,25:53:00,29:42:00,29:46:00,31:16:00,31:18:00,33:44:00,33:53:00,37:22:43
32,27,187,William,Smith,male,32,CA,US,00:00:00,02:58:00,03:00:00,05:00:00,05:07:00,07:52:00,08:03:00,10:24:00,10:27:00,11:07:00,11:09:00,12:44:00,13:14:00,16:44:00,16:50:00,19:11:00,19:32:00,24:43:00,24:56:00,26:03:00,26:20:00,29:41:00,29:46:00,31:05:00,31:19:00,34:08:00,34:29:00,37:30:49
33,28,18,Todd,Salzer,male,42,CO,US,00:00:00,03:08:00,03:11:00,05:21:00,05:25:00,08:34:00,08:44:00,11:12:00,11:15:00,11:57:00,11:59:00,13:22:00,13:42:00,17:12:00,17:16:00,19:48:00,20:15:00,24:27:00,24:38:00,25:33:00,25:47:00,29:17:00,29:31:00,30:53:00,31:11:00,33:30:00,33:47:00,37:34:48
34,29,116,Ryan,Burch,male,36,CO,US,00:00:00,02:55:00,02:58:00,04:46:00,04:48:00,07:11:00,07:14:00,09:09:00,09:11:00,09:49:00,09:53:00,11:17:00,11:18:00,14:27:00,14:45:00,17:16:00,18:21:00,23:11:00,23:33:00,24:42:00,24:58:00,28:31:00,28:37:00,30:20:00,30:36:00,33:18:00,33:32:00,37:39:19
35,30,133,Allen,Hadley,male,59,CO,US,00:00:00,02:59:00,03:01:00,05:05:00,05:09:00,07:59:00,08:07:00,10:10:00,10:14:00,10:56:00,11:00:00,12:35:00,12:47:00,16:01:00,16:09:00,18:28:00,18:47:00,23:20:00,23:26:00,24:35:00,24:59:00,29:01:00,29:06:00,30:42:00,30:53:00,33:41:00,33:54:00,37:41:46
36,31,12,Mark,Christopherson,male,48,UT,US,00:00:00,02:57:00,02:59:00,05:05:00,05:10:00,08:13:00,08:26:00,11:06:00,11:12:00,12:08:00,12:12:00,13:54:00,14:13:00,17:34:00,17:45:00,19:59:00,20:17:00,24:30:00,24:31:00,25:38:00,25:50:00,29:39:00,29:45:00,31:07:00,31:16:00,33:48:00,33:55:00,37:45:57
37,32,21,Doug,Newton,male,39,CO,US,00:00:00,03:10:00,03:12:00,05:29:00,05:32:00,08:44:00,08:55:00,11:21:00,11:27:00,12:14:00,12:19:00,13:53:00,14:08:00,17:30:00,17:43:00,19:58:00,20:20:00,24:46:00,24:50:00,25:45:00,26:05:00,29:43:00,29:46:00,31:25:00,31:33:00,34:13:00,34:25:00,38:15:21
38,6,29,Betsy,Nye,female,51,CA,US,00:00:00,03:19:00,03:22:00,05:37:00,05:42:00,08:44:00,08:55:00,11:13:00,11:17:00,12:00:00,12:03:00,13:30:00,13:43:00,17:05:00,17:05:00,19:12:00,19:38:00,24:21:00,24:30:00,25:31:00,25:54:00,29:44:00,29:46:00,31:33:00,31:37:00,34:21:00,34:32:00,38:23:25
39,33,30,Julian,Smith,male,50,CO,US,00:00:00,03:16:00,03:18:00,05:32:00,05:34:00,08:38:00,08:46:00,11:17:00,11:21:00,12:14:00,12:19:00,13:49:00,14:06:00,17:16:00,17:30:00,19:45:00,20:08:00,24:43:00,24:54:00,25:54:00,26:19:00,29:45:00,29:50:00,31:30:00,31:37:00,34:22:00,34:29:00,38:25:56
40,34,26,Jason,Oliver,male,34,CO,US,00:00:00,03:13:00,03:14:00,05:19:00,05:24:00,08:16:00,08:27:00,10:54:00,10:59:00,11:42:00,11:46:00,13:19:00,13:46:00,17:29:00,17:40:00,20:00:00,20:27:00,24:46:00,24:57:00,25:49:00,26:19:00,30:30:00,30:44:00,32:14:00,32:25:00,34:40:00,34:48:00,38:27:11
41,35,202,Blake,Wood,male,57,NM,US,00:00:00,03:17:00,03:18:00,05:37:00,05:41:00,08:50:00,08:59:00,11:14:00,11:17:00,12:00:00,12:05:00,13:35:00,13:51:00,16:56:00,17:06:00,19:19:00,19:32:00,24:11:00,24:21:00,25:24:00,26:15:00,29:44:00,29:47:00,31:28:00,31:33:00,34:06:00,34:18:00,38:30:06
42,36,13,Michael,Evans,male,44,WY,US,00:00:00,03:06:00,03:06:00,05:21:00,05:25:00,09:14:00,09:26:00,12:00:00,12:04:00,12:50:00,12:53:00,14:30:00,14:53:00,18:45:00,19:00:00,21:29:00,21:56:00,26:37:00,26:43:00,27:41:00,27:54:00,31:14:00,31:18:00,32:42:00,32:44:00,35:11:00,35:22:00,38:41:28
43,37,28,Scott,Mills,male,65,CA,US,00:00:00,03:22:00,03:26:00,05:41:00,05:45:00,08:49:00,08:59:00,11:16:00,11:19:00,12:10:00,12:13:00,13:39:00,13:49:00,16:59:00,17:05:00,19:28:00,19:49:00,24:30:00,24:32:00,25:28:00,25:43:00,29:41:00,29:45:00,31:17:00,31:26:00,34:19:00,34:27:00,38:42:28
44,38,103,Woody,Anderson,male,41,CO,US,00:00:00,03:15:00,03:17:00,05:28:00,05:35:00,08:28:00,08:42:00,11:05:00,11:09:00,11:51:00,11:55:00,13:21:00,13:36:00,16:54:00,17:05:00,19:19:00,19:43:00,24:48:00,24:54:00,25:52:00,26:27:00,30:14:00,30:28:00,32:14:00,32:29:00,35:14:00,35:28:00,39:10:12
45,39,168,Graham,Melvin,male,35,WA,US,00:00:00,03:00:00,03:04:00,05:07:00,05:19:00,08:41:00,09:10:00,11:42:00,11:48:00,12:41:00,12:45:00,14:30:00,14:59:00,18:12:00,18:25:00,21:00:00,21:39:00,26:22:00,26:39:00,27:30:00,27:50:00,31:13:00,31:18:00,32:42:00,32:44:00,35:21:00,35:31:00,39:19:12
46,40,121,Randy,Duncan,male,54,,US,00:00:00,03:34:00,03:38:00,06:11:00,06:16:00,09:41:00,09:44:00,12:18:00,12:20:00,13:14:00,13:17:00,14:54:00,15:10:00,18:30:00,18:35:00,21:04:00,21:16:00,25:44:00,25:48:00,26:51:00,27:13:00,31:02:00,31:08:00,32:46:00,32:53:00,35:40:00,35:46:00,39:22:31
47,41,112,Scott,Brockmeier,male,54,FL,US,00:00:00,03:28:00,03:31:00,05:54:00,06:04:00,09:25:00,09:38:00,12:10:00,12:16:00,13:06:00,13:07:00,14:36:00,14:50:00,18:45:00,19:03:00,21:29:00,22:06:00,26:30:00,26:39:00,27:35:00,28:07:00,31:52:00,31:59:00,33:37:00,33:44:00,36:07:00,36:16:00,39:28:25
48,42,20,David,Town,male,38,OR,US,00:00:00,03:20:00,03:23:00,05:25:00,05:45:00,08:55:00,09:06:00,11:43:00,11:48:00,12:31:00,12:34:00,14:10:00,14:29:00,17:54:00,17:59:00,20:21:00,20:43:00,25:36:00,25:48:00,27:00:00,27:17:00,30:49:00,30:55:00,32:35:00,32:41:00,35:41:00,36:03:00,39:49:24
49,43,135,Jason,Halladay,male,41,NM,US,00:00:00,03:09:00,03:12:00,05:18:00,05:21:00,08:10:00,08:17:00,10:33:00,10:38:00,11:23:00,11:27:00,12:57:00,13:20:00,16:51:00,17:06:00,19:31:00,20:42:00,26:05:00,26:12:00,27:10:00,27:44:00,31:25:00,31:42:00,33:16:00,33:30:00,36:19:00,36:35:00,39:55:11
50,44,31,Tom,Remkes,male,54,UT,US,00:00:00,03:31:00,03:33:00,06:06:00,06:08:00,09:36:00,09:44:00,12:18:00,12:23:00,13:14:00,13:17:00,15:00:00,15:18:00,18:41:00,18:51:00,21:11:00,21:26:00,25:37:00,25:42:00,26:52:00,27:15:00,31:02:00,31:09:00,32:49:00,32:55:00,35:42:00,36:03:00,39:56:30
51,45,27,Christopher,Agbay,male,39,MA,US,00:00:00,03:27:00,03:32:00,05:57:00,06:04:00,09:32:00,09:43:00,12:58:00,13:03:00,13:57:00,14:04:00,15:56:00,16:10:00,19:27:00,20:11:00,23:08:00,23:31:00,27:51:00,27:58:00,29:04:00,29:14:00,32:59:00,33:04:00,34:41:00,34:49:00,36:57:00,37:02:00,39:56:43
52,46,139,Rick,Hessek,male,50,CO,US,00:00:00,03:10:00,03:15:00,05:31:00,05:36:00,08:40:00,08:52:00,11:18:00,11:23:00,12:12:00,12:16:00,13:39:00,13:57:00,17:11:00,17:28:00,19:47:00,21:15:00,26:10:00,26:19:00,27:29:00,27:50:00,31:45:00,31:52:00,33:37:00,33:52:00,36:36:00,36:46:00,40:01:06
53,47,9,James,Varner,male,38,WA,US,00:00:00,02:37:00,02:40:00,04:33:00,04:38:00,07:41:00,07:54:00,10:17:00,10:20:00,11:05:00,11:06:00,12:48:00,13:05:00,17:06:00,17:14:00,19:42:00,20:25:00,25:24:00,25:30:00,26:24:00,27:00:00,30:58:00,31:08:00,32:41:00,32:53:00,35:38:00,36:07:00,40:39:15
54,48,128,Trevor,Garner,male,38,ID,US,00:00:00,02:57:00,02:59:00,04:56:00,05:00:00,07:35:00,07:43:00,10:08:00,10:09:00,10:51:00,10:56:00,12:23:00,12:48:00,15:51:00,16:02:00,18:55:00,22:07:00,26:55:00,27:05:00,28:01:00,28:21:00,31:55:00,31:59:00,33:42:00,33:51:00,36:49:00,37:08:00,40:40:54
55,49,108,Donald,Beuke,male,40,CO,US,00:00:00,03:08:00,03:11:00,05:20:00,05:27:00,08:36:00,09:32:00,12:13:00,12:21:00,13:01:00,13:03:00,14:36:00,15:20:00,19:44:00,20:15:00,22:51:00,23:47:00,27:59:00,28:14:00,29:08:00,29:35:00,33:02:00,33:13:00,34:50:00,34:57:00,37:15:00,37:25:00,40:54:44
56,50,203,Ben,Wyrick,male,39,NC,US,00:00:00,02:57:00,02:59:00,05:02:00,05:05:00,07:54:00,07:55:00,10:10:00,10:14:00,10:57:00,10:57:00,12:15:00,12:19:00,15:51:00,15:55:00,18:26:00,18:41:00,24:03:00,24:22:00,25:43:00,26:00:00,30:36:00,30:47:00,32:44:00,32:54:00,36:07:00,36:14:00,41:03:00
57,51,195,Greg,Veltkamp,male,44,VT,US,00:00:00,03:34:00,03:37:00,06:10:00,06:18:00,09:50:00,10:10:00,12:53:00,13:00:00,13:54:00,13:58:00,15:43:00,16:15:00,19:57:00,20:17:00,22:48:00,24:12:00,27:59:00,28:05:00,29:04:00,29:29:00,32:45:00,32:55:00,34:24:00,34:32:00,37:07:00,37:23:00,41:04:28
58,52,23,Howie,Stern,male,46,CA,US,00:00:00,03:21:00,03:26:00,05:50:00,05:55:00,08:49:00,09:07:00,11:34:00,11:41:00,12:26:00,12:33:00,14:03:00,14:25:00,18:38:00,19:09:00,21:40:00,22:51:00,27:29:00,27:43:00,28:59:00,29:31:00,33:18:00,33:19:00,34:41:00,34:46:00,37:10:00,37:16:00,41:05:04
59,53,158,Larry,Kundrik,male,59,,US,00:00:00,03:34:00,03:36:00,06:09:00,06:13:00,09:50:00,09:58:00,12:38:00,12:40:00,13:33:00,13:36:00,15:09:00,15:26:00,18:57:00,19:04:00,21:38:00,22:07:00,27:07:00,27:17:00,28:17:00,28:32:00,32:22:00,32:27:00,34:14:00,34:18:00,37:06:00,37:08:00,41:07:01
60,54,196,Podog,Vogler,male,50,AR,US,00:00:00,03:27:00,03:30:00,05:52:00,05:59:00,09:25:00,09:46:00,12:45:00,12:50:00,13:36:00,13:37:00,15:09:00,15:34:00,19:35:00,19:50:00,22:22:00,22:47:00,27:10:00,27:23:00,28:18:00,28:30:00,32:28:00,32:35:00,34:17:00,34:30:00,37:07:00,37:10:00,41:08:09
61,55,33,Greg,Salvesen,male,29,CO,US,00:00:00,03:29:00,03:32:00,05:53:00,05:53:00,09:04:00,09:11:00,11:38:00,11:42:00,12:36:00,12:39:00,14:16:00,14:33:00,18:02:00,18:07:00,20:42:00,22:16:00,27:13:00,27:43:00,28:28:00,28:43:00,32:34:00,32:41:00,34:30:00,34:38:00,37:22:00,37:30:00,41:26:43
62,56,122,Walter,Edwards,male,41,CO,US,00:00:00,03:38:00,03:40:00,06:12:00,06:17:00,10:12:00,10:29:00,13:59:00,14:07:00,15:01:00,15:02:00,16:51:00,17:12:00,21:28:00,21:36:00,24:14:00,24:22:00,28:31:00,28:37:00,29:33:00,29:46:00,33:26:00,33:32:00,35:08:00,35:12:00,37:52:00,37:55:00,41:30:02
63,57,156,Shawn,Krause,male,36,MD,US,00:00:00,03:17:00,03:18:00,05:53:00,05:53:00,09:39:00,09:57:00,12:58:00,13:03:00,13:48:00,13:51:00,15:41:00,16:01:00,19:27:00,19:49:00,22:18:00,22:36:00,27:35:00,27:43:00,28:53:00,29:13:00,33:01:00,33:07:00,34:53:00,35:02:00,37:43:00,37:53:00,41:46:30
64,58,11,Daniel,Benhammou,male,35,CO,US,00:00:00,03:11:00,03:14:00,05:23:00,05:27:00,08:21:00,08:29:00,10:49:00,10:51:00,11:30:00,11:33:00,13:17:00,13:41:00,16:51:00,16:57:00,19:30:00,21:37:00,25:37:00,25:47:00,26:57:00,27:19:00,31:47:00,31:58:00,34:06:00,34:25:00,37:29:00,37:42:00,41:47:59
65,59,136,John,Hallsten,male,59,MT,US,00:00:00,03:12:00,03:14:00,05:21:00,05:23:00,08:16:00,08:24:00,10:57:00,11:02:00,11:56:00,12:00:00,13:46:00,14:27:00,18:20:00,18:36:00,21:09:00,21:34:00,26:38:00,26:43:00,27:54:00,28:08:00,32:22:00,32:29:00,34:25:00,34:41:00,37:28:00,37:37:00,41:50:01
66,60,150,Andy,Jones-Wilkins,male,48,VA,US,00:00:00,02:57:00,02:59:00,05:05:00,05:05:00,07:44:00,07:47:00,09:57:00,10:01:00,10:45:00,10:48:00,12:03:00,12:09:00,14:57:00,15:07:00,17:08:00,17:32:00,22:14:00,22:22:00,23:27:00,23:52:00,27:24:00,27:38:00,29:30:00,29:43:00,33:10:00,35:06:00,41:51:08
67,61,42,Chris,Twiggs,male,45,FL,US,00:00:00,03:09:00,03:13:00,05:39:00,05:43:00,09:33:00,09:46:00,12:19:00,12:24:00,13:10:00,13:11:00,14:46:00,15:05:00,19:28:00,19:41:00,22:20:00,22:40:00,27:06:00,27:12:00,28:13:00,28:24:00,32:16:00,32:20:00,34:08:00,34:10:00,37:05:00,37:20:00,41:52:56
68,62,101,Kelly,Agnew,male,43,UT,US,00:00:00,03:21:00,03:24:00,05:50:00,05:58:00,09:20:00,09:31:00,12:10:00,12:13:00,13:09:00,13:12:00,14:53:00,15:10:00,18:41:00,18:52:00,21:08:00,21:32:00,26:54:00,27:04:00,28:12:00,28:34:00,32:12:00,32:24:00,34:12:00,34:22:00,37:12:00,37:24:00,41:59:59
69,63,102,Dennis,Ahern,male,58,ID,US,00:00:00,03:29:00,03:33:00,06:18:00,06:27:00,10:09:00,10:25:00,13:37:00,13:46:00,14:33:00,14:34:00,16:24:00,16:47:00,20:41:00,20:49:00,23:15:00,23:36:00,28:07:00,28:09:00,29:07:00,29:39:00,33:12:00,33:17:00,35:00:00,35:04:00,37:52:00,38:14:00,42:33:45
70,64,34,Dave,Briggs,male,47,NV,US,00:00:00,03:31:00,03:33:00,05:55:00,05:55:00,09:10:00,09:32:00,12:01:00,12:07:00,12:52:00,12:56:00,14:32:00,15:07:00,19:15:00,19:34:00,22:17:00,22:26:00,27:27:00,27:32:00,28:41:00,29:09:00,33:04:00,33:09:00,35:00:00,35:04:00,37:50:00,38:01:00,42:36:26
71,65,36,Kirk,Apt,male,54,CO,US,00:00:00,03:21:00,03:25:00,05:46:00,05:58:00,09:04:00,09:22:00,11:49:00,11:53:00,12:51:00,13:02:00,14:36:00,15:09:00,18:37:00,18:49:00,21:12:00,21:51:00,26:54:00,27:10:00,28:14:00,28:48:00,32:47:00,33:00:00,34:47:00,35:04:00,38:12:00,38:34:00,42:47:33
72,66,41,Ryan,Martin,male,46,CO,US,00:00:00,03:29:00,03:35:00,06:08:00,06:21:00,09:57:00,10:09:00,13:22:00,13:44:00,14:42:00,14:48:00,16:35:00,16:54:00,20:34:00,20:49:00,23:29:00,23:42:00,27:59:00,28:08:00,29:16:00,29:41:00,33:29:00,33:35:00,35:28:00,36:00:00,38:48:00,38:54:00,42:50:58
73,7,115,Rachel,Bucklin,female,38,WA,US,00:00:00,03:09:00,03:13:00,05:21:00,05:25:00,08:10:00,08:15:00,10:31:00,10:36:00,11:22:00,11:26:00,12:57:00,13:09:00,16:18:00,16:28:00,18:44:00,18:58:00,24:03:00,24:15:00,25:27:00,25:37:00,30:02:00,30:08:00,32:24:00,32:28:00,36:33:00,36:46:00,42:55:17
74,67,183,Doug,Seaver,male,35,MO,US,00:00:00,03:27:00,03:31:00,05:53:00,05:53:00,09:25:00,09:43:00,12:03:00,12:08:00,12:58:00,13:03:00,14:36:00,15:04:00,18:44:00,19:03:00,21:30:00,22:06:00,26:44:00,26:51:00,27:57:00,28:18:00,31:59:00,32:08:00,33:59:00,34:51:00,37:40:00,38:08:00,42:59:29
75,68,177,David,Peterman,male,53,OH,US,00:00:00,03:15:00,03:17:00,05:31:00,05:33:00,08:42:00,08:54:00,11:49:00,11:55:00,12:50:00,12:54:00,14:32:00,15:32:00,19:42:00,19:47:00,22:02:00,23:05:00,27:09:00,27:22:00,28:45:00,29:27:00,33:03:00,33:12:00,34:52:00,35:06:00,37:59:00,38:17:00,43:01:58
76,69,19,Ricky,Denesik,male,56,CO,US,00:00:00,03:26:00,03:27:00,05:53:00,05:57:00,09:16:00,09:24:00,12:10:00,12:12:00,13:15:00,13:20:00,14:46:00,15:06:00,18:23:00,18:34:00,20:59:00,21:50:00,26:25:00,26:36:00,27:51:00,28:08:00,32:27:00,32:56:00,34:49:00,35:02:00,37:55:00,38:18:00,43:24:40
77,70,137,Harry,Hamilton,male,55,NJ,US,00:00:00,03:56:00,04:10:00,06:52:00,06:52:00,10:36:00,10:50:00,13:29:00,13:35:00,14:32:00,14:37:00,16:20:00,16:51:00,20:10:00,20:18:00,23:00:00,23:35:00,27:58:00,28:02:00,29:08:00,29:35:00,33:32:00,33:49:00,35:31:00,35:40:00,38:26:00,38:40:00,43:37:41
78,71,188,Scott,Snyder,male,61,CO,US,00:00:00,03:35:00,03:40:00,06:09:00,06:15:00,09:44:00,09:54:00,12:26:00,12:32:00,13:33:00,13:41:00,15:43:00,15:46:00,19:37:00,19:45:00,22:18:00,22:22:00,27:46:00,27:58:00,29:08:00,29:32:00,33:20:00,33:26:00,35:19:00,35:28:00,38:37:00,38:51:00,43:51:17
79,72,163,Chris,Lundberg,male,33,ID,US,00:00:00,03:18:00,03:20:00,05:27:00,05:31:00,08:44:00,08:51:00,11:21:00,11:26:00,12:22:00,12:27:00,13:56:00,14:22:00,17:30:00,17:41:00,21:07:00,22:28:00,28:04:00,28:18:00,29:08:00,29:37:00,33:15:00,33:17:00,35:36:00,35:54:00,39:27:00,39:47:00,43:55:08
80,8,193,Tina,Ure,female,56,CA,US,00:00:00,03:47:00,03:58:00,06:31:00,06:37:00,09:58:00,10:27:00,12:30:00,12:33:00,13:30:00,13:35:00,15:26:00,16:09:00,19:51:00,20:18:00,23:24:00,24:22:00,28:59:00,29:04:00,30:21:00,31:07:00,35:06:00,35:10:00,36:37:00,36:44:00,39:27:00,39:54:00,43:55:59
81,73,159,David,Larsen,male,45,OR,US,00:00:00,03:21:00,03:26:00,06:20:00,06:23:00,09:45:00,10:00:00,13:06:00,13:11:00,14:00:00,14:03:00,15:38:00,16:00:00,19:39:00,19:46:00,22:15:00,22:27:00,27:25:00,27:34:00,28:45:00,29:05:00,32:59:00,33:07:00,35:01:00,35:10:00,38:18:00,38:32:00,43:57:44
82,74,35,Jeff,List,male,57,MA,US,00:00:00,03:32:00,03:34:00,05:53:00,05:55:00,09:35:00,09:42:00,12:24:00,12:30:00,13:28:00,13:33:00,15:43:00,15:57:00,19:48:00,20:21:00,22:43:00,22:55:00,28:06:00,28:08:00,29:33:00,29:49:00,33:58:00,34:03:00,36:00:00,36:08:00,39:20:00,39:27:00,43:57:59
83,75,15,Neal,Taylor,male,53,CO,US,00:00:00,03:18:00,03:23:00,05:43:00,05:49:00,09:10:00,09:26:00,12:00:00,12:02:00,13:01:00,13:07:00,15:04:00,15:24:00,19:19:00,19:21:00,22:08:00,23:27:00,28:17:00,28:28:00,29:36:00,29:55:00,33:41:00,33:49:00,35:27:00,35:40:00,38:40:00,39:30:00,44:02:44
84,76,129,Jean-Francois,Geiss,male,63,,FR,00:00:00,03:28:00,03:32:00,05:53:00,05:58:00,09:24:00,09:32:00,12:01:00,12:07:00,13:07:00,13:14:00,15:00:00,15:27:00,19:17:00,19:27:00,22:06:00,22:27:00,27:19:00,27:26:00,28:32:00,28:56:00,33:00:00,33:11:00,35:03:00,35:14:00,38:37:00,38:51:00,44:08:42
85,77,173,John,Odle,male,47,ID,US,00:00:00,03:09:00,03:11:00,05:30:00,05:39:00,09:10:00,09:30:00,12:09:00,12:13:00,13:09:00,13:12:00,15:04:00,15:24:00,19:13:00,19:25:00,22:26:00,22:52:00,28:13:00,28:22:00,29:29:00,29:42:00,33:19:00,33:25:00,35:07:00,35:18:00,38:14:00,38:34:00,44:27:40
86,78,141,Eric,Hodges,male,67,CA,US,00:00:00,03:42:00,03:47:00,06:19:00,06:24:00,09:42:00,10:00:00,12:28:00,12:33:00,13:26:00,13:31:00,15:23:00,16:03:00,19:16:00,19:21:00,22:02:00,22:58:00,27:54:00,28:00:00,29:04:00,29:30:00,33:32:00,33:40:00,35:30:00,35:47:00,38:34:00,38:54:00,44:34:28
87,79,105,Andrew,Barney,male,43,UT,US,00:00:00,03:34:00,03:35:00,06:23:00,06:29:00,10:29:00,10:47:00,13:32:00,13:38:00,14:40:00,14:49:00,16:30:00,16:53:00,20:36:00,20:48:00,23:17:00,23:36:00,28:11:00,28:16:00,29:17:00,29:42:00,33:45:00,34:01:00,36:10:00,36:23:00,39:31:00,39:48:00,44:36:00
88,80,130,Bob,Gerenz,male,48,MN,US,00:00:00,03:16:00,03:17:00,05:39:00,05:39:00,08:46:00,09:07:00,11:36:00,11:41:00,12:51:00,12:56:00,14:33:00,15:07:00,18:42:00,18:57:00,21:35:00,22:16:00,27:44:00,27:59:00,29:07:00,29:27:00,33:15:00,33:20:00,35:22:00,35:28:00,38:54:00,39:57:00,44:46:43
89,81,123,Bob,Fargo,male,56,PA,US,00:00:00,03:30:00,03:35:00,06:03:00,06:10:00,09:40:00,09:55:00,12:27:00,12:33:00,13:28:00,13:37:00,15:34:00,15:58:00,19:47:00,20:09:00,22:42:00,23:28:00,27:58:00,28:21:00,29:26:00,29:50:00,34:03:00,34:23:00,36:14:00,36:32:00,39:30:00,40:01:00,44:51:10
90,82,149,Roger,Jensen,male,66,DC,US,00:00:00,03:34:00,03:40:00,06:03:00,06:07:00,09:37:00,09:56:00,12:36:00,12:41:00,13:36:00,13:37:00,15:08:00,15:44:00,19:27:00,19:38:00,22:04:00,22:27:00,27:18:00,27:35:00,28:30:00,28:50:00,33:29:00,34:05:00,36:01:00,36:15:00,39:41:00,40:09:00,44:56:15
91,83,148,Beat,Jegerlehner,male,47,CO,US,00:00:00,03:17:00,03:20:00,05:51:00,05:51:00,09:26:00,09:51:00,12:25:00,12:29:00,13:26:00,13:29:00,15:17:00,16:06:00,19:57:00,20:10:00,22:47:00,23:27:00,28:13:00,28:20:00,29:22:00,29:46:00,33:48:00,34:01:00,35:55:00,36:10:00,39:25:00,39:52:00,45:07:24
92,84,157,Andy,Kumeda,male,48,CA,US,00:00:00,03:27:00,03:28:00,06:01:00,06:07:00,09:43:00,09:57:00,12:38:00,12:40:00,13:50:00,13:51:00,15:28:00,15:53:00,19:44:00,19:55:00,22:32:00,22:47:00,28:15:00,28:25:00,29:28:00,29:46:00,33:40:00,33:47:00,35:36:00,35:52:00,39:21:00,39:36:00,45:11:52
93,9,110,Jill,Bohney,female,51,UT,US,00:00:00,03:34:00,03:37:00,06:11:00,06:16:00,09:44:00,10:01:00,12:34:00,12:40:00,13:33:00,13:37:00,15:28:00,15:53:00,19:50:00,19:55:00,22:37:00,23:19:00,28:06:00,28:14:00,29:22:00,30:01:00,34:32:00,34:44:00,36:48:00,36:59:00,40:27:00,40:27:00,45:28:39
94,85,48,Mark,Heaphy,male,53,MT,US,00:00:00,03:39:00,03:41:00,06:06:00,06:14:00,09:37:00,09:51:00,12:52:00,12:57:00,13:48:00,13:49:00,15:56:00,16:48:00,21:12:00,21:22:00,24:13:00,24:45:00,29:38:00,29:42:00,30:56:00,31:27:00,35:46:00,35:48:00,37:45:00,37:48:00,41:00:00,41:22:00,45:41:11
95,86,126,Frederic,Morand,male,30,,FR,00:00:00,03:27:00,03:30:00,06:04:00,06:16:00,10:02:00,10:25:00,14:01:00,14:07:00,14:52:00,14:57:00,16:24:00,17:20:00,21:23:00,21:29:00,23:53:00,24:30:00,29:01:00,29:07:00,30:14:00,30:36:00,34:53:00,34:58:00,36:55:00,37:09:00,40:12:00,40:45:00,45:45:11
96,87,155,Cory,Kohm,male,41,MT,US,00:00:00,03:19:00,03:22:00,05:39:00,05:46:00,09:10:00,09:44:00,13:14:00,13:21:00,14:11:00,14:14:00,15:56:00,16:34:00,20:19:00,20:36:00,23:12:00,23:57:00,28:41:00,28:53:00,29:53:00,30:08:00,34:20:00,34:28:00,36:23:00,36:45:00,40:07:00,40:49:00,45:45:40
97,10,22,Betsy,Kalmeyer,female,55,CO,US,00:00:00,03:10:00,03:15:00,05:32:00,05:36:00,08:34:00,08:49:00,11:11:00,11:15:00,12:00:00,12:04:00,13:39:00,14:03:00,18:17:00,19:31:00,22:11:00,24:18:00,28:33:00,28:49:00,29:57:00,30:17:00,34:30:00,34:48:00,36:52:00,36:54:00,40:28:00,41:04:00,45:50:25
98,88,169,Dan,Meyers,male,59,CA,US,00:00:00,03:40:00,03:42:00,06:25:00,06:28:00,10:02:00,10:25:00,12:55:00,12:58:00,13:58:00,14:06:00,16:06:00,16:23:00,20:06:00,20:17:00,23:12:00,24:42:00,28:56:00,29:05:00,30:17:00,30:34:00,34:49:00,34:53:00,36:51:00,37:02:00,40:21:00,40:37:00,46:00:00
99,89,192,Gregory,Trapp,male,53,OH,US,00:00:00,03:59:00,04:06:00,07:06:00,07:15:00,10:59:00,11:11:00,14:14:00,14:19:00,15:27:00,15:35:00,17:56:00,18:25:00,23:22:00,23:24:00,25:39:00,25:51:00,30:31:00,30:39:00,31:41:00,31:59:00,36:09:00,36:16:00,38:08:00,38:16:00,41:41:00,41:50:00,46:01:51
100,90,161,Miles,Lilly,male,49,OR,US,00:00:00,04:04:00,04:06:00,06:52:00,07:00:00,10:37:00,10:39:00,13:54:00,14:01:00,15:06:00,15:12:00,17:12:00,17:29:00,21:42:00,21:55:00,24:52:00,25:13:00,30:03:00,30:09:00,31:13:00,31:33:00,35:47:00,35:54:00,37:42:00,37:55:00,41:24:00,41:37:00,46:19:01
101,91,154,John,Koester,male,66,CA,US,00:00:00,03:58:00,04:02:00,06:52:00,06:59:00,10:30:00,11:04:00,14:00:00,14:08:00,15:20:00,15:25:00,17:36:00,18:00:00,22:03:00,22:17:00,24:50:00,25:29:00,30:23:00,30:35:00,31:48:00,32:11:00,36:13:00,36:21:00,38:07:00,38:25:00,41:54:00,42:04:00,46:37:50
102,92,38,Ken,Ward,male,59,OR,US,00:00:00,03:35:00,03:38:00,06:16:00,06:29:00,10:15:00,10:29:00,13:32:00,13:40:00,14:31:00,14:37:00,16:20:00,16:50:00,20:37:00,20:51:00,23:42:00,24:12:00,29:01:00,29:11:00,30:19:00,30:52:00,35:17:00,35:26:00,37:21:00,37:39:00,41:12:00,41:37:00,46:39:10
103,93,167,Ryan,McDermott,male,40,UT,US,00:00:00,03:30:00,03:33:00,05:54:00,05:59:00,09:23:00,09:34:00,12:13:00,12:17:00,13:06:00,13:09:00,15:00:00,15:24:00,19:33:00,19:53:00,22:55:00,23:32:00,28:44:00,28:57:00,30:19:00,31:04:00,35:24:00,35:28:00,37:24:00,37:40:00,41:01:00,41:29:00,46:40:51
104,94,134,Bj,Haeck,male,46,CA,US,00:00:00,03:28:00,03:31:00,06:02:00,06:08:00,09:55:00,10:14:00,13:28:00,13:35:00,14:25:00,14:31:00,16:20:00,16:42:00,20:50:00,21:01:00,23:47:00,24:05:00,29:11:00,29:21:00,30:30:00,30:51:00,35:34:00,35:45:00,37:42:00,38:01:00,41:46:00,41:59:00,46:42:43
105,95,49,Jonathan,Shark,male,37,WA,US,00:00:00,03:42:00,03:46:00,06:25:00,06:33:00,10:17:00,10:35:00,13:44:00,13:50:00,14:44:00,14:51:00,16:44:00,17:05:00,21:14:00,21:21:00,24:01:00,24:17:00,29:36:00,29:43:00,30:54:00,31:24:00,35:41:00,35:50:00,37:49:00,38:00:00,41:36:00,41:55:00,46:47:40
106,11,185,Ellen,Silva,female,32,NM,US,00:00:00,04:09:00,04:16:00,07:09:00,07:13:00,10:59:00,11:08:00,14:02:00,14:07:00,15:18:00,15:19:00,17:12:00,17:35:00,21:18:00,21:31:00,24:01:00,24:17:00,29:04:00,29:07:00,30:15:00,30:39:00,35:04:00,35:07:00,37:04:00,37:12:00,41:02:00,41:10:00,47:02:21
107,96,140,Andrew,Hewat,male,53,,AU,00:00:00,03:32:00,03:34:00,06:12:00,06:17:00,09:49:00,10:08:00,13:11:00,13:13:00,14:02:00,14:03:00,15:56:00,16:23:00,20:30:00,20:40:00,23:22:00,24:07:00,29:41:00,29:45:00,30:57:00,31:08:00,36:03:00,36:06:00,37:54:00,38:04:00,41:41:00,42:07:00,47:09:50
108,12,39,Barbara,Olmer,female,40,CO,US,00:00:00,03:29:00,03:32:00,06:01:00,06:02:00,09:33:00,09:43:00,12:20:00,12:28:00,13:21:00,13:21:00,15:14:00,15:36:00,19:37:00,19:58:00,22:39:00,23:13:00,28:44:00,29:10:00,30:27:00,31:02:00,35:25:00,35:29:00,37:18:00,37:38:00,41:17:00,41:44:00,47:28:47
109,97,40,Scott,Olmer,male,45,CO,US,00:00:00,03:29:00,03:32:00,06:01:00,06:07:00,09:33:00,09:43:00,12:25:00,12:27:00,13:23:00,13:27:00,15:16:00,15:36:00,19:40:00,19:58:00,22:40:00,23:14:00,28:51:00,29:10:00,30:26:00,31:02:00,35:25:00,35:29:00,37:20:00,37:38:00,41:25:00,41:45:00,47:28:49
110,98,153,Dmitriy,Kernasovskiy,male,33,CA,US,00:00:00,03:56:00,04:01:00,06:52:00,06:56:00,10:34:00,10:51:00,13:36:00,13:41:00,14:40:00,14:45:00,16:37:00,17:01:00,21:04:00,21:22:00,24:25:00,24:53:00,30:11:00,30:19:00,31:33:00,31:48:00,35:54:00,36:04:00,38:05:00,38:24:00,42:15:00,42:36:00,47:44:01
111,13,124,Andrea,Feucht,female,42,CA,US,00:00:00,03:48:00,03:51:00,06:38:00,06:40:00,10:10:00,10:10:00,13:07:00,13:11:00,14:18:00,14:28:00,16:20:00,16:53:00,21:18:00,21:32:00,24:15:00,24:40:00,29:47:00,29:58:00,31:02:00,31:22:00,35:41:00,36:00:00,37:49:00,38:02:00,42:09:00,42:45:00,47:44:47
112,99,25,Kristen,Kern,male,51,NM,US,00:00:00,03:21:00,03:26:00,05:45:00,05:51:00,09:07:00,09:57:00,12:49:00,12:54:00,13:43:00,13:48:00,15:35:00,18:14:00,23:26:00,23:34:00,26:08:00,27:34:00,32:05:00,32:17:00,33:18:00,33:50:00,38:04:00,38:09:00,40:05:00,40:21:00,43:27:00,43:37:00,47:45:03
113,100,174,Kotaro,Oikawa,male,36,,JP,00:00:00,03:00:00,03:03:00,05:06:00,05:09:00,08:03:00,08:09:00,10:54:00,11:00:00,11:41:00,11:43:00,13:11:00,13:25:00,19:32:00,20:30:00,25:21:00,25:27:00,31:07:00,31:09:00,32:10:00,32:35:00,36:53:00,36:55:00,38:44:00,38:49:00,43:33:00,43:42:00,48:25:30
114,14,37,Liz,Bauer,female,57,SC,US,00:00:00,04:02:00,04:03:00,06:55:00,06:55:00,10:57:00,11:00:00,14:13:00,14:16:00,15:27:00,15:35:00,17:56:00,18:25:00,23:24:00,23:26:00,26:05:00,26:19:00,32:16:00,32:16:00,33:41:00,33:56:00,38:33:00,38:36:00,40:27:00,40:36:00,43:39:00,43:45:00,48:30:00
115,101,143,John,Horns,male,53,MN,US,00:00:00,03:15:00,03:17:00,05:22:00,05:26:00,08:24:00,08:38:00,11:07:00,11:09:00,11:57:00,12:00:00,13:32:00,13:57:00,17:24:00,17:42:00,19:57:00,20:25:00,24:36:00,24:53:00,25:49:00,26:13:00,30:34:00,30:44:00,32:38:00,33:31:00,38:11:00,38:11:00,""
116,102,43,Robert,Andrulis,male,48,AZ,US,00:00:00,03:58:00,04:00:00,05:48:00,05:48:00,11:53:00,12:09:00,15:08:00,15:14:00,16:28:00,16:40:00,18:57:00,19:31:00,23:43:00,23:48:00,26:30:00,26:49:00,32:00:00,32:06:00,33:19:00,33:45:00,37:51:00,37:53:00,39:48:00,39:53:00,44:37:00,"",""
117,103,47,Bob,Combs,male,49,CO,US,00:00:00,03:29:00,03:32:00,06:02:00,06:06:00,10:16:00,10:25:00,13:44:00,13:48:00,14:43:00,14:45:00,16:59:00,17:37:00,22:55:00,23:11:00,26:22:00,27:12:00,32:20:00,32:24:00,33:43:00,34:13:00,38:28:00,38:29:00,40:31:00,40:50:00,"","",""
118,104,113,David,Brown,male,37,TX,US,00:00:00,03:21:00,03:24:00,06:10:00,06:14:00,10:06:00,10:20:00,13:34:00,13:40:00,14:44:00,14:51:00,16:34:00,16:55:00,21:07:00,21:21:00,24:07:00,25:37:00,31:19:00,31:21:00,32:41:00,33:10:00,37:53:00,37:58:00,40:30:00,41:03:00,"","",""
119,105,197,Matthew,Watts,male,59,CO,US,00:00:00,03:49:00,03:57:00,07:05:00,07:06:00,11:45:00,11:56:00,15:24:00,15:26:00,17:06:00,17:13:00,19:44:00,20:01:00,24:22:00,24:29:00,27:11:00,27:15:00,32:57:00,32:57:00,33:45:00,34:16:00,38:53:00,38:56:00,41:48:00,41:48:00,"","",""
120,106,194,Matthew,Van Horn,male,45,UT,US,00:00:00,02:37:00,02:37:00,04:21:00,04:29:00,07:11:00,07:20:00,09:39:00,09:45:00,10:22:00,10:24:00,11:41:00,11:54:00,15:09:00,15:14:00,17:33:00,18:25:00,23:31:00,25:03:00,26:10:00,26:30:00,"","","","","","",""
121,107,164,Glenn,Mackie,male,54,TX,US,00:00:00,02:58:00,03:00:00,05:05:00,05:07:00,08:01:00,08:11:00,10:34:00,10:35:00,11:24:00,11:25:00,12:57:00,13:05:00,16:09:00,16:15:00,18:46:00,19:22:00,25:03:00,25:08:00,26:29:00,26:43:00,"","","","","","",""
122,108,46,Steve,Ansell,male,47,CA,US,00:00:00,03:51:00,03:55:00,06:34:00,06:38:00,10:14:00,10:15:00,13:39:00,13:45:00,14:36:00,14:42:00,16:34:00,16:57:00,21:41:00,21:57:00,24:51:00,25:24:00,31:22:00,31:28:00,32:57:00,32:57:00,"","","","","","",""
123,109,111,Steve,Bremner,male,61,CO,US,00:00:00,03:15:00,03:17:00,05:45:00,05:59:00,09:49:00,10:08:00,13:11:00,13:13:00,14:16:00,14:17:00,16:18:00,16:43:00,21:58:00,22:10:00,24:58:00,25:39:00,31:55:00,32:03:00,33:27:00,33:48:00,"","","","","","",""
124,110,146,Randy,Isler,male,59,NM,US,00:00:00,03:09:00,03:12:00,05:21:00,05:25:00,08:17:00,08:23:00,10:45:00,10:49:00,11:35:00,11:39:00,13:24:00,13:40:00,20:04:00,22:08:00,25:32:00,26:29:00,31:22:00,31:22:00,"","","","","","","","",""
125,15,127,Susan,Gardner,female,52,NM,US,00:00:00,04:00:00,04:03:00,06:57:00,07:05:00,10:58:00,11:05:00,13:54:00,13:59:00,15:04:00,15:09:00,17:13:00,17:27:00,21:34:00,21:45:00,24:56:00,25:18:00,31:55:00,31:55:00,"","","","","","","","",""
126,111,44,Chad,Piala,male,39,CO,US,00:00:00,03:29:00,03:32:00,06:06:00,06:15:00,09:46:00,09:58:00,12:44:00,12:47:00,13:39:00,13:43:00,15:27:00,15:55:00,20:16:00,20:48:00,23:46:00,26:29:00,31:27:00,32:10:00,"","","","","","","","",""
127,112,191,Carl,Tippets,male,63,UT,US,00:00:00,03:49:00,03:52:00,06:40:00,06:50:00,10:43:00,10:50:00,13:47:00,13:51:00,14:57:00,14:59:00,17:01:00,17:11:00,21:17:00,21:22:00,24:19:00,24:34:00,32:18:00,32:20:00,"","","","","","","","",""
128,113,181,Thomas,Schnitzius,male,63,CO,US,00:00:00,04:04:00,04:07:00,07:18:00,07:27:00,11:30:00,11:43:00,14:39:00,14:40:00,15:45:00,15:49:00,18:00:00,18:18:00,22:57:00,23:02:00,25:55:00,26:13:00,32:58:00,32:58:00,"","","","","","","","",""
129,114,45,Pat,Homelvig,male,57,CO,US,00:00:00,03:50:00,03:54:00,06:54:00,07:04:00,12:02:00,12:20:00,16:04:00,16:09:00,17:27:00,17:34:00,20:23:00,20:53:00,25:35:00,25:49:00,28:17:00,28:17:00,34:05:00,34:10:00,"","","","","","","","",""
130,115,170,Jim,Milar,male,54,UT,US,00:00:00,04:14:00,04:20:00,08:00:00,08:13:00,12:43:00,13:06:00,15:59:00,16:07:00,17:25:00,17:31:00,19:49:00,20:20:00,24:13:00,24:13:00,27:04:00,27:27:00,33:18:00,34:31:00,"","","","","","","","",""
131,116,166,Tom,Masterson,male,71,CO,US,00:00:00,04:04:00,04:06:00,07:08:00,07:16:00,11:45:00,12:03:00,15:13:00,15:20:00,16:40:00,16:44:00,19:23:00,20:01:00,24:45:00,24:51:00,27:33:00,27:57:00,35:08:00,35:08:00,"","","","","","","","",""
132,117,106,Quintin,Barney,male,57,UT,US,00:00:00,03:44:00,03:48:00,07:01:00,07:06:00,11:31:00,11:40:00,15:01:00,15:06:00,16:16:00,16:24:00,18:43:00,19:19:00,24:57:00,25:09:00,28:05:00,28:05:00,35:22:00,35:22:00,"","","","","","","","",""
133,118,2,Troy,Howard,male,43,CO,US,00:00:00,02:27:00,02:28:00,04:04:00,04:07:00,06:18:00,06:22:00,08:18:00,08:21:00,08:53:00,08:54:00,09:59:00,10:07:00,12:50:00,12:54:00,14:40:00,14:40:00,"","","","","","","","","","",""
134,119,117,Nick,Clark,male,42,CO,US,00:00:00,02:27:00,02:29:00,04:09:00,04:11:00,06:35:00,06:39:00,08:24:00,08:28:00,08:59:00,09:00:00,10:06:00,10:12:00,12:49:00,12:54:00,14:40:00,14:40:00,"","","","","","","","","","",""
135,120,151,Mick,Jurynec,male,38,UT,US,00:00:00,02:36:00,02:37:00,04:22:00,04:28:00,06:55:00,07:00:00,09:11:00,09:14:00,10:00:00,10:02:00,11:19:00,11:33:00,14:42:00,14:44:00,16:48:00,16:48:00,"","","","","","","","","","",""
136,121,104,Chris,Askew,male,45,OR,US,00:00:00,02:56:00,03:00:00,05:04:00,05:05:00,07:43:00,07:48:00,10:27:00,10:32:00,11:17:00,11:24:00,12:44:00,12:58:00,16:26:00,16:38:00,18:41:00,18:41:00,"","","","","","","","","","",""
137,122,107,Brian,Beckstead,male,34,UT,US,00:00:00,03:17:00,03:19:00,05:31:00,05:33:00,08:26:00,08:41:00,11:15:00,11:17:00,11:57:00,12:03:00,13:36:00,14:03:00,18:15:00,18:55:00,21:11:00,23:31:00,"","","","","","","","","","",""
138,123,109,Neil,Blake,male,51,NM,US,00:00:00,03:22:00,03:25:00,05:52:00,05:57:00,09:07:00,09:25:00,12:03:00,12:09:00,13:13:00,13:18:00,15:00:00,15:59:00,20:01:00,20:29:00,23:53:00,23:53:00,"","","","","","","","","","",""
139,124,50,Bogie,Dumitrescu,male,41,CO,US,00:00:00,03:44:00,03:50:00,06:25:00,06:30:00,10:53:00,11:15:00,14:25:00,14:30:00,15:39:00,15:42:00,17:54:00,18:29:00,23:08:00,23:15:00,26:37:00,26:37:00,"","","","","","","","","","",""
140,125,32,Kuni,Yamagata,male,63,CA,US,00:00:00,04:06:00,04:09:00,07:05:00,07:10:00,11:05:00,11:18:00,14:29:00,14:35:00,15:42:00,15:48:00,18:04:00,18:26:00,22:53:00,23:01:00,27:00:00,27:00:00,"","","","","","","","","","",""
141,126,200,John,Wojciechowski,male,43,UT,US,00:00:00,04:04:00,04:08:00,07:16:00,07:27:00,12:37:00,12:59:00,16:55:00,17:00:00,18:11:00,18:24:00,20:51:00,21:05:00,25:31:00,25:40:00,28:34:00,28:34:00,"","","","","","","","","","",""
142,127,131,Joe,Grant,male,33,CO,US,00:00:00,02:21:00,02:22:00,03:54:00,03:55:00,06:04:00,06:06:00,07:59:00,08:02:00,08:32:00,08:34:00,09:40:00,09:53:00,"","","","","","","","","","","","","","",""
143,128,8,Ryan,Kircher,male,36,CO,US,00:00:00,03:07:00,03:10:00,05:12:00,05:15:00,08:11:00,08:17:00,10:45:00,10:51:00,11:34:00,11:39:00,13:24:00,14:10:00,"","","","","","","","","","","","","","",""
144,129,120,Dennis,Drey,male,64,NM,US,00:00:00,03:49:00,03:53:00,06:31:00,06:38:00,10:11:00,10:12:00,12:59:00,13:04:00,13:59:00,14:07:00,16:02:00,17:00:00,"","","","","","","","","","","","","","",""
145,130,125,James,Ficke,male,55,MD,US,00:00:00,03:27:00,03:32:00,06:06:00,06:18:00,09:56:00,10:11:00,13:42:00,13:49:00,14:42:00,14:51:00,16:44:00,17:46:00,"","","","","","","","","","","","","","",""
146,131,138,Vance,Harris,male,57,,IE,00:00:00,03:49:00,03:55:00,07:12:00,07:23:00,12:11:00,12:26:00,16:57:00,17:01:00,18:43:00,18:47:00,20:58:00,21:09:00,"","","","","","","","","","","","","","",""
147,16,201,Allie,Wood,female,55,MT,US,00:00:00,04:44:00,04:48:00,08:39:00,08:45:00,13:41:00,13:48:00,17:48:00,17:55:00,19:13:00,19:14:00,21:35:00,21:35:00,"","","","","","","","","","","","","","",""
148,132,186,Tom,Simonds,male,61,VA,US,00:00:00,03:55:00,04:02:00,07:07:00,07:22:00,12:39:00,13:01:00,17:12:00,17:21:00,18:45:00,19:02:00,21:35:00,21:35:00,"","","","","","","","","","","","","","",""
149,133,199,Craig,Wilson,male,67,ME,US,00:00:00,04:46:00,04:49:00,08:36:00,08:42:00,13:45:00,13:52:00,17:51:00,17:57:00,19:43:00,19:56:00,23:30:00,23:30:00,"","","","","","","","","","","","","","",""
150,134,142,Allan,Holtz,male,66,MN,US,00:00:00,04:46:00,04:49:00,08:31:00,08:54:00,13:56:00,13:58:00,17:54:00,17:59:00,20:20:00,20:25:00,23:30:00,23:30:00,"","","","","","","","","","","","","","",""
151,135,3,Benjamin,Lewis,male,38,UT,US,00:00:00,02:29:00,02:29:00,04:12:00,04:13:00,06:37:00,06:41:00,08:55:00,08:59:00,10:00:00,10:02:00,"","","","","","","","","","","","","","","","",""
152,136,14,Paul,Sweeney,male,50,CA,US,00:00:00,03:21:00,03:25:00,05:47:00,05:51:00,11:03:00,13:32:00,"","","","","","","","","","","","","","","","","","","","",""
